drivers/accel/habanalabs/gaudi2/gaudi2.o, 1
drivers/accel/habanalabs/gaudi/gaudi.o, 1
drivers/accel/habanalabs/goya/goya.o, 1
drivers/ata/sata_mv.o, 1
drivers/atm/he.o, 1
drivers/crypto/cavium/nitrox/nitrox_lib.o, 1
drivers/crypto/ccp/ccp-ops.o, 1
drivers/crypto/ccree/cc_buffer_mgr.o, 1
drivers/crypto/hisilicon/sec/sec_algs.o, 1
drivers/crypto/inside-secure/safexcel_cipher.o, 1
drivers/crypto/inside-secure/safexcel_hash.o, 1
drivers/crypto/intel/ixp4xx/ixp4xx_crypto.o, 1
drivers/crypto/sa2ul.o, 1
drivers/dma/dma-jz4780.o, 1
drivers/dma/dw-axi-dmac/dw-axi-dmac-platform.o, 1
drivers/dma/dw/core.o, 1
drivers/dma/fsl-edma-common.o, 1
drivers/dma/idma64.o, 1
drivers/dma/img-mdc-dma.o, 1
drivers/dma/ioat/init.o, 1
drivers/dma/ioat/prep.o, 1
drivers/dma/k3dma.o, 1
drivers/dma/lgm/lgm-dma.o, 1
drivers/dma/mmp_pdma.o, 1
drivers/dma/pch_dma.o, 1
drivers/dma/stm32-mdma.o, 1
drivers/dma/sun6i-dma.o, 1
drivers/dma/ti/omap-dma.o, 1
drivers/dma/xgene-dma.o, 1
drivers/dma/xilinx/xdma.o, 1
drivers/dma/xilinx/xilinx_dpdma.o, 1
drivers/gpu/drm/vmwgfx/vmwgfx_cmdbuf.o, 1
drivers/infiniband/hw/hns/hns_roce_cmd.o, 1
drivers/infiniband/hw/mthca/mthca_av.o, 1
drivers/infiniband/hw/mthca/mthca_cmd.o, 1
drivers/infiniband/hw/qib/qib_user_sdma.o, 1
drivers/mailbox/bcm-pdc-mailbox.o, 1
drivers/net/ethernet/alacritech/slicoss.o, 1
drivers/net/ethernet/broadcom/bnxt/bnxt_hwrm.o, 1
drivers/net/ethernet/huawei/hinic/hinic_hw_cmdq.o, 1
drivers/net/ethernet/intel/e100.o, 1
drivers/net/ethernet/intel/ixgbe/ixgbe_fcoe.o, 1
drivers/net/ethernet/marvell/prestera/prestera_rxtx.o, 1
drivers/net/ethernet/mellanox/mlx4/cmd.o, 1
drivers/net/ethernet/mellanox/mlx5/core/cmd.o, 1
drivers/net/wireless/intel/ipw2x00/ipw2200.o, 1
drivers/net/wireless/intel/iwlwifi/queue/tx.o, 1
drivers/net/wwan/t7xx/t7xx_hif_cldma.o, 1
drivers/nvme/host/apple.o, 1
drivers/nvme/host/pci.o, 1
drivers/scsi/advansys.o, 1
drivers/scsi/aic94xx/aic94xx_hwi.o, 1
drivers/scsi/be2iscsi/be_main.o, 1
drivers/scsi/csiostor/csio_scsi.o, 1
drivers/scsi/elx/libefc/efc_node.o, 1
drivers/scsi/ipr.o, 1
drivers/scsi/lpfc/lpfc_init.o, 1
drivers/scsi/lpfc/lpfc_mem.o, 1
drivers/scsi/lpfc/lpfc_scsi.o, 1
drivers/scsi/lpfc/lpfc_sli.o, 1
drivers/scsi/megaraid/megaraid_mbox.o, 1
drivers/scsi/megaraid/megaraid_mm.o, 1
drivers/scsi/megaraid/megaraid_sas_base.o, 1
drivers/scsi/megaraid/megaraid_sas_fusion.o, 1
drivers/scsi/mpi3mr/mpi3mr_fw.o, 1
drivers/scsi/mpt3sas/mpt3sas_base.o, 1
drivers/scsi/mvsas/mv_sas.o, 1
drivers/scsi/myrb.o, 1
drivers/scsi/myrs.o, 1
drivers/scsi/pmcraid.o, 1
drivers/scsi/qla2xxx/qla_bsg.o, 1
drivers/scsi/qla2xxx/qla_edif.o, 1
drivers/scsi/qla2xxx/qla_init.o, 1
drivers/scsi/qla2xxx/qla_iocb.o, 1
drivers/scsi/qla2xxx/qla_mbx.o, 1
drivers/scsi/qla2xxx/qla_mid.o, 1
drivers/scsi/qla2xxx/qla_os.o, 1
drivers/scsi/qla2xxx/qla_target.o, 1
drivers/scsi/qla4xxx/ql4_init.o, 1
drivers/scsi/qla4xxx/ql4_mbx.o, 1
drivers/scsi/qla4xxx/ql4_os.o, 1
drivers/spi/spi-qcom-qspi.o, 1
drivers/thunderbolt/ctl.o, 1
drivers/usb/cdns3/cdns3-gadget.o, 1
drivers/usb/cdns3/cdnsp-mem.o, 1
drivers/usb/chipidea/udc.o, 1
drivers/usb/core/buffer.o, 1
drivers/usb/fotg210/fotg210-hcd.o, 1
drivers/usb/gadget/udc/bdc/bdc_ep.o, 1
drivers/usb/gadget/udc/cdns2/cdns2-gadget.o, 1
drivers/usb/gadget/udc/gr_udc.o, 1
drivers/usb/gadget/udc/lpc32xx_udc.o, 1
drivers/usb/gadget/udc/mv_u3d_core.o, 1
drivers/usb/gadget/udc/mv_udc_core.o, 1
drivers/usb/gadget/udc/net2280.o, 1
drivers/usb/gadget/udc/pch_udc.o, 1
drivers/usb/gadget/udc/snps_udc_core.o, 1
drivers/usb/host/ehci-hcd.o, 1
drivers/usb/host/ohci-hcd.o, 1
drivers/usb/host/uhci-hcd.o, 1
drivers/usb/host/xhci-mem.o, 1
drivers/usb/mtu3/mtu3_qmu.o, 1
mm/dmapool_test.o, 1
