crypto/async_tx/async_memcpy.o, 1
crypto/async_tx/async_pq.o, 1
crypto/async_tx/async_raid6_recov.o, 1
crypto/async_tx/async_xor.o, 1
drivers/accel/habanalabs/common/device.o, 1
drivers/accel/habanalabs/common/memory.o, 1
drivers/accel/habanalabs/gaudi2/gaudi2.o, 3
drivers/accel/habanalabs/gaudi/gaudi.o, 2
drivers/accel/habanalabs/goya/goya.o, 2
drivers/accel/ivpu/ivpu_gem.o, 1
drivers/accel/ivpu/ivpu_mmu_context.o, 1
drivers/accel/ivpu/ivpu_mmu.o, 1
drivers/accel/qaic/qaic_control.o, 2
drivers/accel/qaic/qaic_data.o, 1
drivers/ata/acard-ahci.o, 1
drivers/ata/libahci.o, 1
drivers/ata/libata-core.o, 1
drivers/ata/libata-sff.o, 1
drivers/ata/pdc_adma.o, 1
drivers/ata/sata_fsl.o, 1
drivers/ata/sata_inic162x.o, 1
drivers/ata/sata_mv.o, 1
drivers/ata/sata_nv.o, 1
drivers/ata/sata_promise.o, 1
drivers/ata/sata_qstor.o, 1
drivers/ata/sata_sil24.o, 1
drivers/ata/sata_sx4.o, 1
drivers/atm/eni.o, 2
drivers/atm/fore200e.o, 2
drivers/atm/he.o, 3
drivers/atm/idt77252.o, 2
drivers/atm/iphase.o, 2
drivers/atm/lanai.o, 1
drivers/atm/nicstar.o, 2
drivers/atm/solos-pci.o, 1
drivers/block/mtip32xx/mtip32xx.o, 3
drivers/bluetooth/hci_bcm4377.o, 2
drivers/bus/mhi/host/boot.o, 1
drivers/bus/mhi/host/init.o, 1
drivers/bus/mhi/host/main.o, 2
drivers/char/agp/intel-gtt.o, 2
drivers/char/virtio_console.o, 1
drivers/char/xillybus/xillybus_core.o, 1
drivers/comedi/comedi_buf.o, 1
drivers/comedi/drivers/addi_apci_3120.o, 1
drivers/comedi/drivers/adl_pci9118.o, 1
drivers/comedi/drivers/cb_pcidas64.o, 1
drivers/comedi/drivers/comedi_isadma.o, 1
drivers/comedi/drivers/gsc_hpdi.o, 1
drivers/comedi/drivers/mite.o, 1
drivers/comedi/drivers/s626.o, 1
drivers/crypto/allwinner/sun8i-ce/sun8i-ce-cipher.o, 2
drivers/crypto/allwinner/sun8i-ce/sun8i-ce-core.o, 1
drivers/crypto/allwinner/sun8i-ce/sun8i-ce-hash.o, 2
drivers/crypto/allwinner/sun8i-ce/sun8i-ce-prng.o, 1
drivers/crypto/allwinner/sun8i-ce/sun8i-ce-trng.o, 1
drivers/crypto/allwinner/sun8i-ss/sun8i-ss-cipher.o, 2
drivers/crypto/allwinner/sun8i-ss/sun8i-ss-hash.o, 2
drivers/crypto/allwinner/sun8i-ss/sun8i-ss-prng.o, 1
drivers/crypto/amlogic/amlogic-gxl-cipher.o, 2
drivers/crypto/amlogic/amlogic-gxl-core.o, 1
drivers/crypto/aspeed/aspeed-acry.o, 1
drivers/crypto/aspeed/aspeed-hace-crypto.o, 1
drivers/crypto/aspeed/aspeed-hace-hash.o, 2
drivers/crypto/aspeed/aspeed-hace.o, 1
drivers/crypto/atmel-aes.o, 1
drivers/crypto/atmel-sha.o, 2
drivers/crypto/atmel-tdes.o, 2
drivers/crypto/caam/caamalg_qi2.o, 2
drivers/crypto/cavium/cpt/cptpf_main.o, 1
drivers/crypto/cavium/cpt/cptvf_main.o, 1
drivers/crypto/cavium/cpt/cptvf_reqmanager.o, 1
drivers/crypto/cavium/nitrox/nitrox_lib.o, 2
drivers/crypto/cavium/nitrox/nitrox_reqmgr.o, 2
drivers/crypto/ccp/ccp-dev-v5.o, 1
drivers/crypto/ccp/ccp-ops.o, 3
drivers/crypto/ccree/cc_aead.o, 2
drivers/crypto/ccree/cc_buffer_mgr.o, 3
drivers/crypto/ccree/cc_cipher.o, 1
drivers/crypto/ccree/cc_hash.o, 1
drivers/crypto/ccree/cc_request_mgr.o, 1
drivers/crypto/chelsio/chcr_algo.o, 2
drivers/crypto/gemini/sl3516-ce-cipher.o, 1
drivers/crypto/gemini/sl3516-ce-core.o, 1
drivers/crypto/hisilicon/hpre/hpre_crypto.o, 2
drivers/crypto/hisilicon/qm.o, 2
drivers/crypto/hisilicon/sec2/sec_crypto.o, 1
drivers/crypto/hisilicon/sec/sec_algs.o, 4
drivers/crypto/hisilicon/sec/sec_drv.o, 1
drivers/crypto/hisilicon/sgl.o, 2
drivers/crypto/img-hash.o, 1
drivers/crypto/inside-secure/safexcel_cipher.o, 2
drivers/crypto/inside-secure/safexcel_hash.o, 3
drivers/crypto/inside-secure/safexcel_ring.o, 1
drivers/crypto/intel/ixp4xx/ixp4xx_crypto.o, 3
drivers/crypto/intel/keembay/keembay-ocs-aes-core.o, 1
drivers/crypto/intel/keembay/keembay-ocs-hcu-core.o, 2
drivers/crypto/intel/keembay/ocs-aes.o, 1
drivers/crypto/intel/keembay/ocs-hcu.o, 2
drivers/crypto/intel/qat/qat_common/adf_admin.o, 1
drivers/crypto/intel/qat/qat_common/adf_transport.o, 1
drivers/crypto/intel/qat/qat_common/qat_algs.o, 1
drivers/crypto/intel/qat/qat_common/qat_asym_algs.o, 2
drivers/crypto/intel/qat/qat_common/qat_bl.o, 1
drivers/crypto/intel/qat/qat_common/qat_compression.o, 1
drivers/crypto/intel/qat/qat_common/qat_uclo.o, 1
drivers/crypto/marvell/octeontx2/otx2_cptlf.o, 1
drivers/crypto/marvell/octeontx2/otx2_cptpf_ucode.o, 2
drivers/crypto/marvell/octeontx2/otx2_cptvf_reqmgr.o, 1
drivers/crypto/marvell/octeontx/otx_cptpf_ucode.o, 1
drivers/crypto/marvell/octeontx/otx_cptvf_main.o, 1
drivers/crypto/marvell/octeontx/otx_cptvf_reqmgr.o, 1
drivers/crypto/qce/aead.o, 1
drivers/crypto/qce/sha.o, 1
drivers/crypto/qce/skcipher.o, 1
drivers/crypto/s5p-sss.o, 1
drivers/crypto/sa2ul.o, 2
drivers/crypto/starfive/jh7110-hash.o, 1
drivers/crypto/xilinx/zynqmp-aes-gcm.o, 1
drivers/dma/bcm-sba-raid.o, 1
drivers/dma-buf/heaps/cma_heap.o, 1
drivers/dma-buf/heaps/system_heap.o, 1
drivers/dma-buf/udmabuf.o, 1
drivers/dma/dma-jz4780.o, 1
drivers/dma/dmatest.o, 1
drivers/dma/dw-axi-dmac/dw-axi-dmac-platform.o, 1
drivers/dma/dw/core.o, 1
drivers/dma/fsl-edma-common.o, 2
drivers/dma/hisi_dma.o, 1
drivers/dma/idma64.o, 1
drivers/dma/idxd/device.o, 1
drivers/dma/img-mdc-dma.o, 1
drivers/dma/ioat/dma.o, 1
drivers/dma/ioat/init.o, 2
drivers/dma/ioat/prep.o, 1
drivers/dma/k3dma.o, 1
drivers/dma/lgm/lgm-dma.o, 1
drivers/dma/mediatek/mtk-hsdma.o, 1
drivers/dma/mmp_pdma.o, 1
drivers/dma/mv_xor.o, 2
drivers/dma/mxs-dma.o, 1
drivers/dma/nbpfaxi.o, 1
drivers/dma/pch_dma.o, 1
drivers/dma/plx_dma.o, 1
drivers/dma/ptdma/ptdma-dev.o, 1
drivers/dma/qcom/hidma_ll.o, 1
drivers/dma/sh/rcar-dmac.o, 2
drivers/dma/sh/rz-dmac.o, 1
drivers/dma/stm32-mdma.o, 1
drivers/dma/sun6i-dma.o, 1
drivers/dma/timb_dma.o, 1
drivers/dma/ti/omap-dma.o, 1
drivers/dma/xgene-dma.o, 2
drivers/dma/xilinx/xdma.o, 1
drivers/dma/xilinx/xilinx_dpdma.o, 1
drivers/dma/xilinx/zynqmp_dma.o, 1
drivers/firewire/core-iso.o, 1
drivers/firewire/nosy.o, 1
drivers/firewire/ohci.o, 3
drivers/firewire/sbp2.o, 1
drivers/firmware/qcom_scm-legacy.o, 1
drivers/firmware/qcom_scm.o, 1
drivers/firmware/qcom_scm-smc.o, 1
drivers/firmware/turris-mox-rwtm.o, 1
drivers/fpga/dfl-afu-dma-region.o, 1
drivers/fpga/versal-fpga.o, 1
drivers/fpga/zynq-fpga.o, 1
drivers/fpga/zynqmp-fpga.o, 1
drivers/gpu/drm/amd/amdgpu/amdgpu_amdkfd_gpuvm.o, 2
drivers/gpu/drm/amd/amdgpu/amdgpu_dma_buf.o, 1
drivers/gpu/drm/amd/amdgpu/amdgpu_gart.o, 1
drivers/gpu/drm/amd/amdgpu/amdgpu_ih.o, 1
drivers/gpu/drm/amd/amdgpu/amdgpu_ttm.o, 1
drivers/gpu/drm/amd/amdgpu/amdgpu_vram_mgr.o, 1
drivers/gpu/drm/amd/amdkfd/kfd_migrate.o, 1
drivers/gpu/drm/amd/amdkfd/kfd_svm.o, 1
drivers/gpu/drm/drm_bufs.o, 1
drivers/gpu/drm/drm_gem_dma_helper.o, 2
drivers/gpu/drm/drm_gem_shmem_helper.o, 1
drivers/gpu/drm/drm_prime.o, 1
drivers/gpu/drm/etnaviv/etnaviv_cmdbuf.o, 1
drivers/gpu/drm/etnaviv/etnaviv_gem.o, 1
drivers/gpu/drm/etnaviv/etnaviv_iommu.o, 1
drivers/gpu/drm/etnaviv/etnaviv_iommu_v2.o, 1
drivers/gpu/drm/etnaviv/etnaviv_mmu.o, 1
drivers/gpu/drm/exynos/exynos_drm_g2d.o, 2
drivers/gpu/drm/exynos/exynos_drm_gem.o, 1
drivers/gpu/drm/i915/gem/i915_gem_dmabuf.o, 1
drivers/gpu/drm/i915/gem/i915_gem_phys.o, 1
drivers/gpu/drm/i915/gem/i915_gem_ttm.o, 1
drivers/gpu/drm/i915/i915_gem_gtt.o, 1
drivers/gpu/drm/ingenic/ingenic-drm-drv.o, 1
drivers/gpu/drm/lima/lima_device.o, 1
drivers/gpu/drm/lima/lima_gem.o, 1
drivers/gpu/drm/lima/lima_vm.o, 1
drivers/gpu/drm/msm/dsi/dsi_host.o, 1
drivers/gpu/drm/msm/msm_drv.o, 1
drivers/gpu/drm/msm/msm_gem.o, 1
drivers/gpu/drm/msm/msm_gpummu.o, 1
drivers/gpu/drm/nouveau/nouveau_dmem.o, 1
drivers/gpu/drm/nouveau/nvkm/core/firmware.o, 1
drivers/gpu/drm/nouveau/nvkm/subdev/fb/base.o, 1
drivers/gpu/drm/nouveau/nvkm/subdev/instmem/gk20a.o, 2
drivers/gpu/drm/nouveau/nvkm/subdev/mmu/mem.o, 1
drivers/gpu/drm/nouveau/nvkm/subdev/mmu/vmmgp100.o, 1
drivers/gpu/drm/nouveau/nvkm/subdev/mmu/vmmnv44.o, 1
drivers/gpu/drm/panfrost/panfrost_mmu.o, 1
drivers/gpu/drm/radeon/radeon_device.o, 1
drivers/gpu/drm/radeon/radeon_gart.o, 1
drivers/gpu/drm/radeon/radeon_ttm.o, 1
drivers/gpu/drm/rockchip/rockchip_drm_gem.o, 2
drivers/gpu/drm/tegra/gem.o, 2
drivers/gpu/drm/tegra/nvdec.o, 2
drivers/gpu/drm/tegra/submit.o, 2
drivers/gpu/drm/tegra/vic.o, 2
drivers/gpu/drm/ttm/ttm_pool.o, 2
drivers/gpu/drm/v3d/v3d_drv.o, 1
drivers/gpu/drm/v3d/v3d_gem.o, 1
drivers/gpu/drm/vc4/vc4_dsi.o, 1
drivers/gpu/drm/virtio/virtgpu_vram.o, 1
drivers/gpu/drm/vmwgfx/vmwgfx_cmdbuf.o, 2
drivers/gpu/drm/vmwgfx/vmwgfx_ttm_buffer.o, 1
drivers/gpu/host1x/cdma.o, 1
drivers/gpu/host1x/job.o, 1
drivers/gpu/ipu-v3/ipu-image-convert.o, 1
drivers/hid/amd-sfh-hid/amd_sfh_client.o, 1
drivers/hid/intel-ish-hid/ishtp/dma-if.o, 1
drivers/hid/intel-ish-hid/ishtp-fw-loader.o, 1
drivers/hwtracing/intel_th/msu.o, 2
drivers/hwtracing/intel_th/msu-sink.o, 1
drivers/hwtracing/ptt/hisi_ptt.o, 1
drivers/i2c/busses/i2c-amd-mp2-plat.o, 1
drivers/i2c/busses/i2c-at91-master.o, 1
drivers/i2c/busses/i2c-imx.o, 1
drivers/i2c/busses/i2c-ismt.o, 2
drivers/i2c/busses/i2c-mt65xx.o, 1
drivers/i2c/busses/i2c-mxs.o, 1
drivers/i2c/busses/i2c-qcom-geni.o, 1
drivers/i2c/busses/i2c-qup.o, 1
drivers/i2c/busses/i2c-rcar.o, 1
drivers/i2c/busses/i2c-sh_mobile.o, 1
drivers/i2c/busses/i2c-stm32.o, 1
drivers/i3c/master/mipi-i3c-hci/dma.o, 2
drivers/iio/adc/at91-sama5d2_adc.o, 1
drivers/iio/adc/stm32-adc.o, 1
drivers/iio/adc/stm32-dfsdm-adc.o, 1
drivers/iio/adc/ti_am335x_adc.o, 1
drivers/iio/buffer/industrialio-buffer-dma.o, 1
drivers/infiniband/core/mad.o, 1
drivers/infiniband/core/rw.o, 1
drivers/infiniband/core/umem.o, 1
drivers/infiniband/core/umem_odp.o, 1
drivers/infiniband/hw/bnxt_re/ib_verbs.o, 1
drivers/infiniband/hw/bnxt_re/qplib_fp.o, 1
drivers/infiniband/hw/bnxt_re/qplib_rcfw.o, 1
drivers/infiniband/hw/bnxt_re/qplib_res.o, 1
drivers/infiniband/hw/cxgb4/cq.o, 1
drivers/infiniband/hw/cxgb4/mem.o, 2
drivers/infiniband/hw/cxgb4/qp.o, 1
drivers/infiniband/hw/efa/efa_com.o, 1
drivers/infiniband/hw/efa/efa_main.o, 1
drivers/infiniband/hw/efa/efa_verbs.o, 2
drivers/infiniband/hw/erdma/erdma_cmdq.o, 1
drivers/infiniband/hw/erdma/erdma_eq.o, 1
drivers/infiniband/hw/erdma/erdma_verbs.o, 2
drivers/infiniband/hw/hfi1/init.o, 1
drivers/infiniband/hw/hfi1/ipoib_tx.o, 1
drivers/infiniband/hw/hfi1/pio.o, 1
drivers/infiniband/hw/hfi1/sdma.o, 2
drivers/infiniband/hw/hfi1/tid_rdma.o, 1
drivers/infiniband/hw/hfi1/user_exp_rcv.o, 1
drivers/infiniband/hw/hfi1/user_sdma.o, 1
drivers/infiniband/hw/hfi1/verbs.o, 1
drivers/infiniband/hw/hfi1/vnic_sdma.o, 1
drivers/infiniband/hw/hns/hns_roce_alloc.o, 1
drivers/infiniband/hw/hns/hns_roce_cmd.o, 1
drivers/infiniband/hw/hns/hns_roce_db.o, 1
drivers/infiniband/hw/hns/hns_roce_hem.o, 1
drivers/infiniband/hw/hns/hns_roce_hw_v2.o, 1
drivers/infiniband/hw/irdma/cm.o, 1
drivers/infiniband/hw/irdma/ctrl.o, 1
drivers/infiniband/hw/irdma/hmc.o, 1
drivers/infiniband/hw/irdma/hw.o, 1
drivers/infiniband/hw/irdma/puda.o, 2
drivers/infiniband/hw/irdma/utils.o, 1
drivers/infiniband/hw/irdma/verbs.o, 1
drivers/infiniband/hw/mlx4/mad.o, 1
drivers/infiniband/hw/mlx4/mr.o, 1
drivers/infiniband/hw/mlx4/qp.o, 1
drivers/infiniband/hw/mlx5/mr.o, 1
drivers/infiniband/hw/mlx5/umr.o, 1
drivers/infiniband/hw/mthca/mthca_allocator.o, 1
drivers/infiniband/hw/mthca/mthca_av.o, 1
drivers/infiniband/hw/mthca/mthca_cmd.o, 1
drivers/infiniband/hw/mthca/mthca_eq.o, 2
drivers/infiniband/hw/mthca/mthca_memfree.o, 2
drivers/infiniband/hw/mthca/mthca_qp.o, 1
drivers/infiniband/hw/ocrdma/ocrdma_hw.o, 1
drivers/infiniband/hw/ocrdma/ocrdma_stats.o, 1
drivers/infiniband/hw/ocrdma/ocrdma_verbs.o, 1
drivers/infiniband/hw/qedr/main.o, 1
drivers/infiniband/hw/qedr/qedr_roce_cm.o, 1
drivers/infiniband/hw/qedr/verbs.o, 1
drivers/infiniband/hw/qib/qib_iba6120.o, 1
drivers/infiniband/hw/qib/qib_init.o, 1
drivers/infiniband/hw/qib/qib_sdma.o, 2
drivers/infiniband/hw/qib/qib_user_pages.o, 1
drivers/infiniband/hw/qib/qib_user_sdma.o, 2
drivers/infiniband/hw/qib/qib_verbs.o, 2
drivers/infiniband/hw/usnic/usnic_fwd.o, 1
drivers/infiniband/hw/vmw_pvrdma/pvrdma_main.o, 1
drivers/infiniband/hw/vmw_pvrdma/pvrdma_misc.o, 1
drivers/infiniband/ulp/ipoib/ipoib_cm.o, 1
drivers/infiniband/ulp/ipoib/ipoib_ib.o, 1
drivers/infiniband/ulp/iser/iscsi_iser.o, 1
drivers/infiniband/ulp/iser/iser_initiator.o, 1
drivers/infiniband/ulp/iser/iser_memory.o, 1
drivers/infiniband/ulp/isert/ib_isert.o, 1
drivers/infiniband/ulp/rtrs/rtrs-clt.o, 1
drivers/infiniband/ulp/rtrs/rtrs.o, 1
drivers/infiniband/ulp/rtrs/rtrs-srv.o, 1
drivers/infiniband/ulp/srp/ib_srp.o, 2
drivers/infiniband/ulp/srpt/ib_srpt.o, 1
drivers/iommu/arm/arm-smmu/qcom_iommu.o, 1
drivers/iommu/dma-iommu.o, 1
drivers/iommu/exynos-iommu.o, 1
drivers/iommu/io-pgtable-arm.o, 1
drivers/iommu/io-pgtable-arm-v7s.o, 1
drivers/iommu/omap-iommu.o, 1
drivers/iommu/rockchip-iommu.o, 1
drivers/iommu/sprd-iommu.o, 1
drivers/iommu/sun50i-iommu.o, 1
drivers/isdn/hardware/mISDN/hfcpci.o, 1
drivers/isdn/hardware/mISDN/netjet.o, 1
drivers/mailbox/bcm-pdc-mailbox.o, 2
drivers/media/common/saa7146/saa7146_core.o, 2
drivers/media/common/saa7146/saa7146_vbi.o, 1
drivers/media/common/siano/smscoreapi.o, 1
drivers/media/common/videobuf2/videobuf2-dma-contig.o, 4
drivers/media/common/videobuf2/videobuf2-dma-sg.o, 1
drivers/media/common/videobuf2/videobuf2-vmalloc.o, 1
drivers/media/pci/b2c2/flexcop-dma.o, 1
drivers/media/pci/bt8xx/bt878.o, 1
drivers/media/pci/bt8xx/btcx-risc.o, 1
drivers/media/pci/cobalt/cobalt-omnitek.o, 1
drivers/media/pci/cx18/cx18-queue.o, 1
drivers/media/pci/cx23885/cx23885-alsa.o, 1
drivers/media/pci/cx23885/cx23885-core.o, 1
drivers/media/pci/cx25821/cx25821-alsa.o, 1
drivers/media/pci/cx25821/cx25821-core.o, 1
drivers/media/pci/cx88/cx88-alsa.o, 1
drivers/media/pci/cx88/cx88-core.o, 1
drivers/media/pci/ddbridge/ddbridge-core.o, 2
drivers/media/pci/dm1105/dm1105.o, 1
drivers/media/pci/intel/ipu3/ipu3-cio2-main.o, 1
drivers/media/pci/ivtv/ivtv-queue.o, 1
drivers/media/pci/ivtv/ivtv-udma.o, 2
drivers/media/pci/ivtv/ivtv-yuv.o, 2
drivers/media/pci/mantis/mantis_dma.o, 1
drivers/media/pci/netup_unidvb/netup_unidvb_core.o, 1
drivers/media/pci/ngene/ngene-core.o, 1
drivers/media/pci/pluto2/pluto2.o, 1
drivers/media/pci/pt1/pt1.o, 1
drivers/media/pci/pt3/pt3_dma.o, 1
drivers/media/pci/saa7134/saa7134-alsa.o, 1
drivers/media/pci/saa7134/saa7134-core.o, 1
drivers/media/pci/saa7134/saa7134-go7007.o, 1
drivers/media/pci/saa7164/saa7164-buffer.o, 1
drivers/media/pci/smipcie/smipcie-main.o, 1
drivers/media/pci/solo6x10/solo6x10-g723.o, 1
drivers/media/pci/solo6x10/solo6x10-p2m.o, 1
drivers/media/pci/solo6x10/solo6x10-v4l2-enc.o, 1
drivers/media/pci/tw5864/tw5864-video.o, 1
drivers/media/pci/tw686x/tw686x-audio.o, 1
drivers/media/pci/tw686x/tw686x-video.o, 1
drivers/media/pci/tw68/tw68-risc.o, 1
drivers/media/pci/zoran/zoran_card.o, 1
drivers/media/platform/allegro-dvt/allegro-core.o, 1
drivers/media/platform/amphion/vpu_core.o, 1
drivers/media/platform/aspeed/aspeed-video.o, 1
drivers/media/platform/atmel/atmel-isi.o, 1
drivers/media/platform/chips-media/coda-bit.o, 1
drivers/media/platform/chips-media/coda-common.o, 1
drivers/media/platform/marvell/mcam-core.o, 1
drivers/media/platform/mediatek/mdp3/mtk-mdp3-cmdq.o, 1
drivers/media/platform/mediatek/mdp3/mtk-mdp3-vpu.o, 1
drivers/media/platform/mediatek/vcodec/mtk_vcodec_util.o, 1
drivers/media/platform/mediatek/vpu/mtk_vpu.o, 1
drivers/media/platform/nvidia/tegra-vde/vde.o, 2
drivers/media/platform/nxp/dw100/dw100.o, 1
drivers/media/platform/nxp/imx7-media-csi.o, 1
drivers/media/platform/nxp/imx8-isi/imx8-isi-video.o, 1
drivers/media/platform/nxp/imx-jpeg/mxc-jpeg.o, 1
drivers/media/platform/qcom/venus/helpers.o, 1
drivers/media/platform/qcom/venus/hfi_venus.o, 1
drivers/media/platform/renesas/rcar_drif.o, 1
drivers/media/platform/renesas/rcar_fdp1.o, 1
drivers/media/platform/renesas/rcar-vin/rcar-dma.o, 1
drivers/media/platform/renesas/rzg2l-cru/rzg2l-video.o, 1
drivers/media/platform/renesas/vsp1/vsp1_dl.o, 1
drivers/media/platform/renesas/vsp1/vsp1_drm.o, 1
drivers/media/platform/rockchip/rga/rga.o, 1
drivers/media/platform/rockchip/rkisp1/rkisp1-capture.o, 1
drivers/media/platform/samsung/exynos4-is/fimc-is.o, 1
drivers/media/platform/samsung/s5p-mfc/s5p_mfc.o, 1
drivers/media/platform/samsung/s5p-mfc/s5p_mfc_opr.o, 1
drivers/media/platform/st/sti/bdisp/bdisp-hw.o, 1
drivers/media/platform/st/sti/c8sectpfe/c8sectpfe-core.o, 1
drivers/media/platform/st/sti/delta/delta-mem.o, 1
drivers/media/platform/st/sti/hva/hva-mem.o, 1
drivers/media/platform/sunxi/sun4i-csi/sun4i_dma.o, 1
drivers/media/platform/sunxi/sun8i-di/sun8i-di.o, 1
drivers/media/platform/ti/omap3isp/ispccdc.o, 1
drivers/media/platform/ti/omap3isp/ispstat.o, 1
drivers/media/platform/ti/vpe/vpdma.o, 1
drivers/media/platform/ti/vpe/vpe.o, 1
drivers/media/platform/verisilicon/hantro_h264.o, 1
drivers/media/platform/verisilicon/hantro_hevc.o, 1
drivers/media/platform/verisilicon/hantro_mpeg2.o, 1
drivers/media/platform/verisilicon/hantro_postproc.o, 1
drivers/media/platform/verisilicon/hantro_vp8.o, 1
drivers/media/platform/verisilicon/hantro_vp9.o, 1
drivers/media/platform/verisilicon/rockchip_vpu981_hw_av1_dec.o, 1
drivers/media/usb/pwc/pwc-if.o, 1
drivers/media/usb/stk1160/stk1160-video.o, 1
drivers/media/usb/uvc/uvc_video.o, 1
drivers/media/v4l2-core/videobuf-dma-sg.o, 2
drivers/memstick/host/jmb38x_ms.o, 1
drivers/memstick/host/r592.o, 2
drivers/message/fusion/mptbase.o, 1
drivers/message/fusion/mptctl.o, 2
drivers/message/fusion/mptfc.o, 1
drivers/message/fusion/mptlan.o, 1
drivers/message/fusion/mptsas.o, 2
drivers/message/fusion/mptspi.o, 1
drivers/mfd/stm32-timers.o, 1
drivers/misc/bcm-vk/bcm_vk_dev.o, 1
drivers/misc/bcm-vk/bcm_vk_sg.o, 2
drivers/misc/cardreader/rtsx_pcr.o, 2
drivers/misc/fastrpc.o, 2
drivers/misc/genwqe/card_utils.o, 2
drivers/misc/hpilo.o, 1
drivers/misc/mei/client.o, 1
drivers/misc/mei/dma-ring.o, 1
drivers/misc/pci_endpoint_test.o, 1
drivers/misc/tifm_core.o, 1
drivers/misc/vmw_vmci/vmci_guest.o, 1
drivers/misc/vmw_vmci/vmci_queue_pair.o, 1
drivers/mmc/host/alcor.o, 1
drivers/mmc/host/bcm2835.o, 1
drivers/mmc/host/cavium.o, 1
drivers/mmc/host/cqhci-core.o, 2
drivers/mmc/host/davinci_mmc.o, 1
drivers/mmc/host/dw_mmc.o, 2
drivers/mmc/host/litex_mmc.o, 2
drivers/mmc/host/meson-gx-mmc.o, 2
drivers/mmc/host/meson-mx-sdhc-mmc.o, 1
drivers/mmc/host/meson-mx-sdio.o, 1
drivers/mmc/host/mmc_spi.o, 1
drivers/mmc/host/moxart-mmc.o, 1
drivers/mmc/host/mtk-sd.o, 2
drivers/mmc/host/omap_hsmmc.o, 1
drivers/mmc/host/owl-mmc.o, 1
drivers/mmc/host/renesas_sdhi_internal_dmac.o, 1
drivers/mmc/host/renesas_sdhi_sys_dmac.o, 1
drivers/mmc/host/sdhci.o, 3
drivers/mmc/host/sh_mmcif.o, 1
drivers/mmc/host/sunplus-mmc.o, 1
drivers/mmc/host/sunxi-mmc.o, 2
drivers/mmc/host/uniphier-sd.o, 1
drivers/mmc/host/usdhi6rol0.o, 1
drivers/mmc/host/via-sdmmc.o, 1
drivers/mmc/host/wbsd.o, 1
drivers/mtd/hyperbus/hbmc-am654.o, 1
drivers/mtd/nand/ecc-mtk.o, 1
drivers/mtd/nand/ecc-mxic.o, 1
drivers/mtd/nand/onenand/onenand_samsung.o, 1
drivers/mtd/nand/raw/arasan-nand-controller.o, 1
drivers/mtd/nand/raw/atmel/nand-controller.o, 1
drivers/mtd/nand/raw/brcmnand/brcmnand.o, 2
drivers/mtd/nand/raw/cadence-nand-controller.o, 2
drivers/mtd/nand/raw/cafe_nand.o, 1
drivers/mtd/nand/raw/denali.o, 1
drivers/mtd/nand/raw/fsmc_nand.o, 1
drivers/mtd/nand/raw/gpmi-nand/gpmi-nand.o, 2
drivers/mtd/nand/raw/hisi504_nand.o, 1
drivers/mtd/nand/raw/intel-nand-controller.o, 1
drivers/mtd/nand/raw/lpc32xx_slc.o, 1
drivers/mtd/nand/raw/marvell_nand.o, 1
drivers/mtd/nand/raw/meson_nand.o, 1
drivers/mtd/nand/raw/mtk_nand.o, 1
drivers/mtd/nand/raw/omap2.o, 1
drivers/mtd/nand/raw/qcom_nandc.o, 3
drivers/mtd/nand/raw/r852.o, 2
drivers/mtd/nand/raw/renesas-nand-controller.o, 1
drivers/mtd/nand/raw/sh_flctl.o, 1
drivers/mtd/nand/raw/stm32_fmc2_nand.o, 1
drivers/mtd/nand/raw/sunxi_nand.o, 1
drivers/mtd/nand/raw/tegra_nand.o, 1
drivers/mtd/spi-nor/controllers/hisi-sfc.o, 1
drivers/net/caif/caif_virtio.o, 1
drivers/net/can/grcan.o, 1
drivers/net/can/kvaser_pciefd.o, 1
drivers/net/can/peak_canfd/peak_pciefd_main.o, 1
drivers/net/dsa/lantiq_gswip.o, 1
drivers/net/ethernet/3com/3c59x.o, 2
drivers/net/ethernet/3com/typhoon.o, 2
drivers/net/ethernet/actions/owl-emac.o, 2
drivers/net/ethernet/adaptec/starfire.o, 2
drivers/net/ethernet/agere/et131x.o, 2
drivers/net/ethernet/alacritech/slicoss.o, 3
drivers/net/ethernet/alteon/acenic.o, 2
drivers/net/ethernet/altera/altera_sgdma.o, 1
drivers/net/ethernet/altera/altera_tse_main.o, 1
drivers/net/ethernet/amazon/ena/ena_com.o, 1
drivers/net/ethernet/amazon/ena/ena_netdev.o, 1
drivers/net/ethernet/amd/amd8111e.o, 2
drivers/net/ethernet/amd/pcnet32.o, 2
drivers/net/ethernet/amd/pds_core/core.o, 1
drivers/net/ethernet/amd/xgbe/xgbe-desc.o, 2
drivers/net/ethernet/apm/xgene-v2/main.o, 2
drivers/net/ethernet/apm/xgene/xgene_enet_main.o, 2
drivers/net/ethernet/aquantia/atlantic/aq_nic.o, 1
drivers/net/ethernet/aquantia/atlantic/aq_ring.o, 2
drivers/net/ethernet/arc/emac_main.o, 2
drivers/net/ethernet/atheros/alx/main.o, 2
drivers/net/ethernet/atheros/atl1c/atl1c_main.o, 2
drivers/net/ethernet/atheros/atl1e/atl1e_main.o, 2
drivers/net/ethernet/atheros/atlx/atl1.o, 2
drivers/net/ethernet/atheros/atlx/atl2.o, 1
drivers/net/ethernet/broadcom/b44.o, 2
drivers/net/ethernet/broadcom/bcm4908_enet.o, 2
drivers/net/ethernet/broadcom/bcmsysport.o, 1
drivers/net/ethernet/broadcom/bgmac.o, 2
drivers/net/ethernet/broadcom/bnx2.o, 2
drivers/net/ethernet/broadcom/bnx2x/bnx2x_cmn.o, 2
drivers/net/ethernet/broadcom/bnx2x/bnx2x_ethtool.o, 1
drivers/net/ethernet/broadcom/bnx2x/bnx2x_main.o, 1
drivers/net/ethernet/broadcom/bnx2x/bnx2x_sriov.o, 1
drivers/net/ethernet/broadcom/bnxt/bnxt_ethtool.o, 1
drivers/net/ethernet/broadcom/bnxt/bnxt_hwrm.o, 2
drivers/net/ethernet/broadcom/bnxt/bnxt.o, 2
drivers/net/ethernet/broadcom/bnxt/bnxt_sriov.o, 1
drivers/net/ethernet/broadcom/bnxt/bnxt_xdp.o, 1
drivers/net/ethernet/broadcom/cnic.o, 1
drivers/net/ethernet/broadcom/genet/bcmgenet.o, 1
drivers/net/ethernet/broadcom/tg3.o, 2
drivers/net/ethernet/brocade/bna/bnad.o, 2
drivers/net/ethernet/cadence/macb_main.o, 2
drivers/net/ethernet/calxeda/xgmac.o, 2
drivers/net/ethernet/cavium/liquidio/lio_core.o, 1
drivers/net/ethernet/cavium/liquidio/lio_main.o, 1
drivers/net/ethernet/cavium/liquidio/lio_vf_main.o, 1
drivers/net/ethernet/cavium/liquidio/lio_vf_rep.o, 1
drivers/net/ethernet/cavium/liquidio/octeon_droq.o, 2
drivers/net/ethernet/cavium/liquidio/request_manager.o, 1
drivers/net/ethernet/cavium/thunder/nicvf_queues.o, 2
drivers/net/ethernet/chelsio/cxgb3/sge.o, 2
drivers/net/ethernet/chelsio/cxgb4/cxgb4_main.o, 1
drivers/net/ethernet/chelsio/cxgb4/sge.o, 2
drivers/net/ethernet/chelsio/cxgb4vf/sge.o, 2
drivers/net/ethernet/chelsio/cxgb/sge.o, 2
drivers/net/ethernet/cirrus/ep93xx_eth.o, 2
drivers/net/ethernet/cisco/enic/enic_main.o, 2
drivers/net/ethernet/cisco/enic/vnic_dev.o, 1
drivers/net/ethernet/cortina/gemini.o, 2
drivers/net/ethernet/dec/tulip/de2104x.o, 2
drivers/net/ethernet/dec/tulip/dmfe.o, 2
drivers/net/ethernet/dec/tulip/interrupt.o, 1
drivers/net/ethernet/dec/tulip/tulip_core.o, 2
drivers/net/ethernet/dec/tulip/uli526x.o, 2
drivers/net/ethernet/dec/tulip/winbond-840.o, 2
drivers/net/ethernet/dec/tulip/xircom_cb.o, 1
drivers/net/ethernet/dlink/dl2k.o, 2
drivers/net/ethernet/dlink/sundance.o, 2
drivers/net/ethernet/ec_bhf.o, 1
drivers/net/ethernet/emulex/benet/be_cmds.o, 1
drivers/net/ethernet/emulex/benet/be_ethtool.o, 1
drivers/net/ethernet/emulex/benet/be_main.o, 2
drivers/net/ethernet/engleder/tsnep_main.o, 2
drivers/net/ethernet/ethoc.o, 1
drivers/net/ethernet/fealnx.o, 2
drivers/net/ethernet/freescale/dpaa2/dpaa2-eth.o, 2
drivers/net/ethernet/freescale/dpaa2/dpaa2-ethtool.o, 1
drivers/net/ethernet/freescale/dpaa2/dpaa2-switch-flower.o, 1
drivers/net/ethernet/freescale/dpaa2/dpaa2-switch.o, 1
drivers/net/ethernet/freescale/dpaa2/dpaa2-xsk.o, 1
drivers/net/ethernet/freescale/enetc/enetc_cbdr.o, 1
drivers/net/ethernet/freescale/enetc/enetc_msg.o, 1
drivers/net/ethernet/freescale/enetc/enetc.o, 2
drivers/net/ethernet/freescale/enetc/enetc_qos.o, 1
drivers/net/ethernet/freescale/enetc/enetc_vf.o, 1
drivers/net/ethernet/freescale/fec_main.o, 3
drivers/net/ethernet/freescale/gianfar.o, 2
drivers/net/ethernet/fungible/funcore/fun_queue.o, 2
drivers/net/ethernet/fungible/funeth/funeth_main.o, 1
drivers/net/ethernet/fungible/funeth/funeth_rx.o, 1
drivers/net/ethernet/fungible/funeth/funeth_tx.o, 1
drivers/net/ethernet/google/gve/gve_adminq.o, 1
drivers/net/ethernet/google/gve/gve_main.o, 2
drivers/net/ethernet/google/gve/gve_rx_dqo.o, 1
drivers/net/ethernet/google/gve/gve_rx.o, 1
drivers/net/ethernet/google/gve/gve_tx_dqo.o, 2
drivers/net/ethernet/google/gve/gve_tx.o, 2
drivers/net/ethernet/hisilicon/hip04_eth.o, 2
drivers/net/ethernet/hisilicon/hisi_femac.o, 1
drivers/net/ethernet/hisilicon/hix5hd2_gmac.o, 2
drivers/net/ethernet/hisilicon/hns3/hns3_common/hclge_comm_cmd.o, 1
drivers/net/ethernet/hisilicon/hns3/hns3_enet.o, 3
drivers/net/ethernet/hisilicon/hns/hnae.o, 1
drivers/net/ethernet/hisilicon/hns/hns_enet.o, 1
drivers/net/ethernet/huawei/hinic/hinic_hw_api_cmd.o, 1
drivers/net/ethernet/huawei/hinic/hinic_hw_cmdq.o, 1
drivers/net/ethernet/huawei/hinic/hinic_hw_eqs.o, 1
drivers/net/ethernet/huawei/hinic/hinic_hw_io.o, 1
drivers/net/ethernet/huawei/hinic/hinic_hw_mbox.o, 1
drivers/net/ethernet/huawei/hinic/hinic_hw_qp.o, 1
drivers/net/ethernet/huawei/hinic/hinic_hw_wq.o, 1
drivers/net/ethernet/huawei/hinic/hinic_rx.o, 1
drivers/net/ethernet/huawei/hinic/hinic_tx.o, 1
drivers/net/ethernet/intel/e1000/e1000_ethtool.o, 2
drivers/net/ethernet/intel/e1000/e1000_main.o, 2
drivers/net/ethernet/intel/e1000e/ethtool.o, 2
drivers/net/ethernet/intel/e1000e/netdev.o, 2
drivers/net/ethernet/intel/e100.o, 3
drivers/net/ethernet/intel/fm10k/fm10k_main.o, 1
drivers/net/ethernet/intel/fm10k/fm10k_netdev.o, 1
drivers/net/ethernet/intel/i40e/i40e_main.o, 1
drivers/net/ethernet/intel/i40e/i40e_txrx.o, 2
drivers/net/ethernet/intel/iavf/iavf_main.o, 1
drivers/net/ethernet/intel/iavf/iavf_txrx.o, 2
drivers/net/ethernet/intel/ice/ice_controlq.o, 1
drivers/net/ethernet/intel/ice/ice_ethtool.o, 1
drivers/net/ethernet/intel/ice/ice_txrx_lib.o, 1
drivers/net/ethernet/intel/ice/ice_txrx.o, 2
drivers/net/ethernet/intel/igb/igb_main.o, 2
drivers/net/ethernet/intel/igbvf/netdev.o, 2
drivers/net/ethernet/intel/igc/igc_main.o, 2
drivers/net/ethernet/intel/ixgbe/ixgbe_fcoe.o, 3
drivers/net/ethernet/intel/ixgbe/ixgbe_main.o, 2
drivers/net/ethernet/intel/ixgbevf/ixgbevf_main.o, 2
drivers/net/ethernet/jme.o, 2
drivers/net/ethernet/korina.o, 2
drivers/net/ethernet/marvell/mv643xx_eth.o, 2
drivers/net/ethernet/marvell/mvneta.o, 2
drivers/net/ethernet/marvell/mvpp2/mvpp2_main.o, 2
drivers/net/ethernet/marvell/octeon_ep/octep_main.o, 1
drivers/net/ethernet/marvell/octeon_ep/octep_rx.o, 2
drivers/net/ethernet/marvell/octeon_ep/octep_tx.o, 1
drivers/net/ethernet/marvell/octeontx2/af/rvu_cpt.o, 1
drivers/net/ethernet/marvell/octeontx2/af/rvu_nix.o, 1
drivers/net/ethernet/marvell/octeontx2/af/rvu_npa.o, 1
drivers/net/ethernet/marvell/octeontx2/af/rvu.o, 2
drivers/net/ethernet/marvell/octeontx2/nic/cn10k.o, 1
drivers/net/ethernet/marvell/octeontx2/nic/otx2_common.o, 2
drivers/net/ethernet/marvell/octeontx2/nic/otx2_pf.o, 1
drivers/net/ethernet/marvell/octeontx2/nic/otx2_txrx.o, 1
drivers/net/ethernet/marvell/prestera/prestera_rxtx.o, 2
drivers/net/ethernet/marvell/pxa168_eth.o, 2
drivers/net/ethernet/marvell/skge.o, 2
drivers/net/ethernet/marvell/sky2.o, 2
drivers/net/ethernet/mediatek/mtk_eth_soc.o, 2
drivers/net/ethernet/mediatek/mtk_ppe.o, 1
drivers/net/ethernet/mediatek/mtk_star_emac.o, 2
drivers/net/ethernet/mediatek/mtk_wed.o, 2
drivers/net/ethernet/mediatek/mtk_wed_wo.o, 2
drivers/net/ethernet/mellanox/mlx4/alloc.o, 1
drivers/net/ethernet/mellanox/mlx4/cmd.o, 2
drivers/net/ethernet/mellanox/mlx4/en_rx.o, 1
drivers/net/ethernet/mellanox/mlx4/en_tx.o, 1
drivers/net/ethernet/mellanox/mlx4/eq.o, 1
drivers/net/ethernet/mellanox/mlx4/icm.o, 2
drivers/net/ethernet/mellanox/mlx5/core/alloc.o, 1
drivers/net/ethernet/mellanox/mlx5/core/cmd.o, 2
drivers/net/ethernet/mellanox/mlx5/core/diag/fw_tracer.o, 1
drivers/net/ethernet/mellanox/mlx5/core/diag/rsc_dump.o, 1
drivers/net/ethernet/mellanox/mlx5/core/en_accel/ipsec_offload.o, 1
drivers/net/ethernet/mellanox/mlx5/core/en_accel/ktls_rx.o, 1
drivers/net/ethernet/mellanox/mlx5/core/en_accel/ktls_tx.o, 1
drivers/net/ethernet/mellanox/mlx5/core/en_accel/macsec.o, 1
drivers/net/ethernet/mellanox/mlx5/core/en_main.o, 1
drivers/net/ethernet/mellanox/mlx5/core/en_tx.o, 1
drivers/net/ethernet/mellanox/mlx5/core/en/xdp.o, 1
drivers/net/ethernet/mellanox/mlx5/core/fpga/conn.o, 1
drivers/net/ethernet/mellanox/mlx5/core/pagealloc.o, 1
drivers/net/ethernet/mellanox/mlx5/core/steering/dr_send.o, 1
drivers/net/ethernet/mellanox/mlxbf_gige/mlxbf_gige_main.o, 1
drivers/net/ethernet/mellanox/mlxbf_gige/mlxbf_gige_rx.o, 1
drivers/net/ethernet/mellanox/mlxbf_gige/mlxbf_gige_tx.o, 2
drivers/net/ethernet/mellanox/mlxsw/pci.o, 2
drivers/net/ethernet/micrel/ks8842.o, 1
drivers/net/ethernet/micrel/ksz884x.o, 2
drivers/net/ethernet/microchip/lan743x_main.o, 2
drivers/net/ethernet/microchip/lan966x/lan966x_fdma.o, 2
drivers/net/ethernet/microsoft/mana/gdma_main.o, 1
drivers/net/ethernet/microsoft/mana/mana_en.o, 1
drivers/net/ethernet/mscc/ocelot_fdma.o, 2
drivers/net/ethernet/myricom/myri10ge/myri10ge.o, 2
drivers/net/ethernet/natsemi/natsemi.o, 2
drivers/net/ethernet/natsemi/ns83820.o, 2
drivers/net/ethernet/neterion/s2io.o, 2
drivers/net/ethernet/netronome/nfp/bpf/offload.o, 1
drivers/net/ethernet/netronome/nfp/nfd3/dp.o, 1
drivers/net/ethernet/netronome/nfp/nfd3/rings.o, 1
drivers/net/ethernet/netronome/nfp/nfdk/dp.o, 1
drivers/net/ethernet/netronome/nfp/nfdk/rings.o, 1
drivers/net/ethernet/netronome/nfp/nfpcore/nfp_nsp.o, 1
drivers/net/ethernet/netronome/nfp/nfp_net_dp.o, 2
drivers/net/ethernet/ni/nixge.o, 2
drivers/net/ethernet/nvidia/forcedeth.o, 2
drivers/net/ethernet/nxp/lpc_eth.o, 1
drivers/net/ethernet/oki-semi/pch_gbe/pch_gbe_main.o, 2
drivers/net/ethernet/packetengines/hamachi.o, 2
drivers/net/ethernet/packetengines/yellowfin.o, 2
drivers/net/ethernet/pensando/ionic/ionic_bus_pci.o, 1
drivers/net/ethernet/pensando/ionic/ionic_lif.o, 1
drivers/net/ethernet/pensando/ionic/ionic_main.o, 1
drivers/net/ethernet/pensando/ionic/ionic_txrx.o, 1
drivers/net/ethernet/qlogic/netxen/netxen_nic_ctx.o, 1
drivers/net/ethernet/qlogic/netxen/netxen_nic_init.o, 2
drivers/net/ethernet/qlogic/netxen/netxen_nic_main.o, 1
drivers/net/ethernet/qlogic/qede/qede_ethtool.o, 1
drivers/net/ethernet/qlogic/qede/qede_filter.o, 1
drivers/net/ethernet/qlogic/qede/qede_fp.o, 1
drivers/net/ethernet/qlogic/qede/qede_main.o, 1
drivers/net/ethernet/qlogic/qed/qed_chain.o, 1
drivers/net/ethernet/qlogic/qed/qed_cxt.o, 1
drivers/net/ethernet/qlogic/qed/qed_fcoe.o, 1
drivers/net/ethernet/qlogic/qed/qed_hw.o, 1
drivers/net/ethernet/qlogic/qed/qed_init_fw_funcs.o, 1
drivers/net/ethernet/qlogic/qed/qed_int.o, 1
drivers/net/ethernet/qlogic/qed/qed_iscsi.o, 1
drivers/net/ethernet/qlogic/qed/qed_iwarp.o, 1
drivers/net/ethernet/qlogic/qed/qed_ll2.o, 2
drivers/net/ethernet/qlogic/qed/qed_rdma.o, 1
drivers/net/ethernet/qlogic/qed/qed_roce.o, 1
drivers/net/ethernet/qlogic/qed/qed_spq.o, 1
drivers/net/ethernet/qlogic/qed/qed_sriov.o, 1
drivers/net/ethernet/qlogic/qed/qed_vf.o, 1
drivers/net/ethernet/qlogic/qla3xxx.o, 2
drivers/net/ethernet/qlogic/qlcnic/qlcnic_ctx.o, 1
drivers/net/ethernet/qlogic/qlcnic/qlcnic_dcb.o, 1
drivers/net/ethernet/qlogic/qlcnic/qlcnic_io.o, 1
drivers/net/ethernet/qlogic/qlcnic/qlcnic_minidump.o, 1
drivers/net/ethernet/qualcomm/emac/emac-mac.o, 2
drivers/net/ethernet/rdc/r6040.o, 2
drivers/net/ethernet/realtek/8139cp.o, 2
drivers/net/ethernet/realtek/8139too.o, 1
drivers/net/ethernet/realtek/r8169_main.o, 3
drivers/net/ethernet/renesas/ravb_main.o, 2
drivers/net/ethernet/renesas/rswitch.o, 2
drivers/net/ethernet/renesas/sh_eth.o, 2
drivers/net/ethernet/rocker/rocker_main.o, 2
drivers/net/ethernet/samsung/sxgbe/sxgbe_main.o, 2
drivers/net/ethernet/sfc/falcon/nic.o, 1
drivers/net/ethernet/sfc/falcon/rx.o, 1
drivers/net/ethernet/sfc/falcon/tx.o, 1
drivers/net/ethernet/sfc/nic.o, 1
drivers/net/ethernet/sfc/rx_common.o, 1
drivers/net/ethernet/sfc/siena/nic.o, 1
drivers/net/ethernet/sfc/siena/rx_common.o, 1
drivers/net/ethernet/sfc/siena/siena_sriov.o, 1
drivers/net/ethernet/sfc/siena/tx_common.o, 1
drivers/net/ethernet/sfc/siena/tx.o, 1
drivers/net/ethernet/sfc/tx_common.o, 1
drivers/net/ethernet/sfc/tx.o, 1
drivers/net/ethernet/sfc/tx_tso.o, 1
drivers/net/ethernet/silan/sc92031.o, 1
drivers/net/ethernet/sis/sis190.o, 2
drivers/net/ethernet/sis/sis900.o, 2
drivers/net/ethernet/smsc/epic100.o, 2
drivers/net/ethernet/smsc/smsc9420.o, 2
drivers/net/ethernet/socionext/netsec.o, 2
drivers/net/ethernet/socionext/sni_ave.o, 1
drivers/net/ethernet/stmicro/stmmac/chain_mode.o, 1
drivers/net/ethernet/stmicro/stmmac/ring_mode.o, 1
drivers/net/ethernet/stmicro/stmmac/stmmac_main.o, 2
drivers/net/ethernet/sun/cassini.o, 2
drivers/net/ethernet/sun/niu.o, 2
drivers/net/ethernet/sunplus/spl2sw_desc.o, 2
drivers/net/ethernet/sunplus/spl2sw_driver.o, 1
drivers/net/ethernet/sunplus/spl2sw_int.o, 1
drivers/net/ethernet/sun/sungem.o, 2
drivers/net/ethernet/sun/sunhme.o, 2
drivers/net/ethernet/synopsys/dwc-xlgmac-desc.o, 2
drivers/net/ethernet/tehuti/tehuti.o, 2
drivers/net/ethernet/ti/davinci_cpdma.o, 2
drivers/net/ethernet/ti/tlan.o, 2
drivers/net/ethernet/via/via-rhine.o, 2
drivers/net/ethernet/via/via-velocity.o, 2
drivers/net/ethernet/wangxun/libwx/wx_lib.o, 2
drivers/net/ethernet/xilinx/ll_temac_main.o, 2
drivers/net/ethernet/xilinx/xilinx_axienet_main.o, 2
drivers/net/fddi/defxx.o, 2
drivers/net/fddi/skfp/skfddi.o, 2
drivers/net/hippi/rrunner.o, 2
drivers/net/hyperv/netvsc.o, 1
drivers/net/ipa/gsi.o, 1
drivers/net/ipa/gsi_trans.o, 2
drivers/net/ipa/ipa_endpoint.o, 1
drivers/net/ipa/ipa_mem.o, 1
drivers/net/ipa/ipa_table.o, 1
drivers/net/thunderbolt/main.o, 1
drivers/net/vmxnet3/vmxnet3_drv.o, 2
drivers/net/wan/farsync.o, 1
drivers/net/wan/fsl_ucc_hdlc.o, 1
drivers/net/wan/wanxl.o, 2
drivers/net/wireless/admtek/adm8211.o, 2
drivers/net/wireless/ath/ath10k/ce.o, 1
drivers/net/wireless/ath/ath10k/htc.o, 1
drivers/net/wireless/ath/ath10k/htt_rx.o, 2
drivers/net/wireless/ath/ath10k/htt_tx.o, 2
drivers/net/wireless/ath/ath10k/mac.o, 2
drivers/net/wireless/ath/ath10k/pci.o, 2
drivers/net/wireless/ath/ath10k/snoc.o, 2
drivers/net/wireless/ath/ath10k/swap.o, 1
drivers/net/wireless/ath/ath10k/wmi.o, 2
drivers/net/wireless/ath/ath11k/ahb.o, 1
drivers/net/wireless/ath/ath11k/ce.o, 2
drivers/net/wireless/ath/ath11k/dbring.o, 1
drivers/net/wireless/ath/ath11k/dp.o, 1
drivers/net/wireless/ath/ath11k/dp_rx.o, 1
drivers/net/wireless/ath/ath11k/dp_tx.o, 1
drivers/net/wireless/ath/ath11k/hal.o, 1
drivers/net/wireless/ath/ath11k/htc.o, 1
drivers/net/wireless/ath/ath11k/mac.o, 1
drivers/net/wireless/ath/ath11k/qmi.o, 1
drivers/net/wireless/ath/ath12k/ce.o, 2
drivers/net/wireless/ath/ath12k/dbring.o, 1
drivers/net/wireless/ath/ath12k/dp_mon.o, 1
drivers/net/wireless/ath/ath12k/dp.o, 1
drivers/net/wireless/ath/ath12k/dp_rx.o, 1
drivers/net/wireless/ath/ath12k/dp_tx.o, 1
drivers/net/wireless/ath/ath12k/hal.o, 1
drivers/net/wireless/ath/ath12k/htc.o, 1
drivers/net/wireless/ath/ath12k/mac.o, 1
drivers/net/wireless/ath/ath12k/qmi.o, 1
drivers/net/wireless/ath/ath5k/base.o, 2
drivers/net/wireless/ath/ath9k/beacon.o, 1
drivers/net/wireless/ath/ath9k/init.o, 1
drivers/net/wireless/ath/ath9k/mci.o, 1
drivers/net/wireless/ath/ath9k/recv.o, 1
drivers/net/wireless/ath/ath9k/xmit.o, 2
drivers/net/wireless/ath/wcn36xx/dxe.o, 2
drivers/net/wireless/ath/wil6210/pmc.o, 1
drivers/net/wireless/ath/wil6210/txrx_edma.o, 2
drivers/net/wireless/ath/wil6210/txrx.o, 2
drivers/net/wireless/broadcom/b43/dma.o, 2
drivers/net/wireless/broadcom/b43legacy/dma.o, 2
drivers/net/wireless/broadcom/brcm80211/brcmfmac/msgbuf.o, 2
drivers/net/wireless/broadcom/brcm80211/brcmfmac/pcie.o, 1
drivers/net/wireless/broadcom/brcm80211/brcmsmac/dma.o, 2
drivers/net/wireless/cisco/airo.o, 1
drivers/net/wireless/intel/ipw2x00/ipw2100.o, 2
drivers/net/wireless/intel/ipw2x00/ipw2200.o, 3
drivers/net/wireless/intel/iwlegacy/3945-mac.o, 2
drivers/net/wireless/intel/iwlegacy/3945.o, 1
drivers/net/wireless/intel/iwlegacy/4965-mac.o, 2
drivers/net/wireless/intel/iwlegacy/common.o, 2
drivers/net/wireless/intel/iwlwifi/fw/paging.o, 1
drivers/net/wireless/intel/iwlwifi/iwl-dbg-tlv.o, 1
drivers/net/wireless/intel/iwlwifi/pcie/ctxt-info-gen3.o, 1
drivers/net/wireless/intel/iwlwifi/pcie/ctxt-info.o, 1
drivers/net/wireless/intel/iwlwifi/pcie/rx.o, 2
drivers/net/wireless/intel/iwlwifi/pcie/trans.o, 1
drivers/net/wireless/intel/iwlwifi/pcie/tx-gen2.o, 1
drivers/net/wireless/intel/iwlwifi/pcie/tx.o, 2
drivers/net/wireless/intel/iwlwifi/queue/tx.o, 3
drivers/net/wireless/intersil/p54/p54pci.o, 2
drivers/net/wireless/marvell/mwifiex/pcie.o, 2
drivers/net/wireless/marvell/mwl8k.o, 2
drivers/net/wireless/mediatek/mt76/dma.o, 2
drivers/net/wireless/quantenna/qtnfmac/pcie/pearl_pcie.o, 2
drivers/net/wireless/quantenna/qtnfmac/pcie/topaz_pcie.o, 3
drivers/net/wireless/ralink/rt2x00/rt2x00mmio.o, 1
drivers/net/wireless/ralink/rt2x00/rt2x00queue.o, 1
drivers/net/wireless/realtek/rtl818x/rtl8180/dev.o, 2
drivers/net/wireless/realtek/rtlwifi/pci.o, 2
drivers/net/wireless/realtek/rtlwifi/rtl8188ee/trx.o, 1
drivers/net/wireless/realtek/rtlwifi/rtl8192ce/trx.o, 1
drivers/net/wireless/realtek/rtlwifi/rtl8192de/trx.o, 1
drivers/net/wireless/realtek/rtlwifi/rtl8192ee/trx.o, 1
drivers/net/wireless/realtek/rtlwifi/rtl8192se/trx.o, 1
drivers/net/wireless/realtek/rtlwifi/rtl8723ae/trx.o, 1
drivers/net/wireless/realtek/rtlwifi/rtl8723be/trx.o, 1
drivers/net/wireless/realtek/rtlwifi/rtl8821ae/trx.o, 1
drivers/net/wireless/realtek/rtw88/pci.o, 2
drivers/net/wireless/realtek/rtw89/pci.o, 2
drivers/net/wwan/iosm/iosm_ipc_pcie.o, 1
drivers/net/wwan/iosm/iosm_ipc_protocol.o, 1
drivers/net/wwan/iosm/iosm_ipc_protocol_ops.o, 1
drivers/net/wwan/qcom_bam_dmux.o, 1
drivers/net/wwan/t7xx/t7xx_hif_cldma.o, 2
drivers/net/wwan/t7xx/t7xx_hif_dpmaif_rx.o, 2
drivers/net/wwan/t7xx/t7xx_hif_dpmaif_tx.o, 2
drivers/ntb/hw/mscc/ntb_hw_switchtec.o, 1
drivers/ntb/ntb_transport.o, 3
drivers/ntb/test/ntb_perf.o, 3
drivers/ntb/test/ntb_tool.o, 1
drivers/nvme/host/apple.o, 5
drivers/nvme/host/fc.o, 2
drivers/nvme/host/pci.o, 4
drivers/nvme/host/rdma.o, 2
drivers/parport/parport_pc.o, 2
drivers/pci/controller/dwc/pcie-designware-host.o, 1
drivers/pci/controller/dwc/pcie-designware.o, 1
drivers/pci/controller/pci-tegra.o, 1
drivers/pci/endpoint/functions/pci-epf-test.o, 1
drivers/pci/endpoint/pci-epf-core.o, 1
drivers/pci/switch/switchtec.o, 1
drivers/platform/x86/dell/dcdbas.o, 1
drivers/rapidio/devices/rio_mport_cdev.o, 2
drivers/rapidio/devices/tsi721_dma.o, 1
drivers/rapidio/devices/tsi721.o, 1
drivers/remoteproc/mtk_scp.o, 1
drivers/remoteproc/remoteproc_core.o, 1
drivers/rpmsg/virtio_rpmsg_bus.o, 1
drivers/scsi/3w-9xxx.o, 1
drivers/scsi/3w-sas.o, 1
drivers/scsi/3w-xxxx.o, 1
drivers/scsi/53c700.o, 3
drivers/scsi/a100u2w.o, 1
drivers/scsi/aacraid/aachba.o, 1
drivers/scsi/aacraid/commctrl.o, 2
drivers/scsi/aacraid/comminit.o, 1
drivers/scsi/aacraid/commsup.o, 1
drivers/scsi/aacraid/rx.o, 1
drivers/scsi/advansys.o, 3
drivers/scsi/aha1740.o, 2
drivers/scsi/aic7xxx/aic79xx_osm.o, 1
drivers/scsi/aic7xxx/aic7xxx_osm.o, 1
drivers/scsi/aic94xx/aic94xx_hwi.o, 2
drivers/scsi/aic94xx/aic94xx_seq.o, 1
drivers/scsi/aic94xx/aic94xx_task.o, 3
drivers/scsi/am53c974.o, 1
drivers/scsi/arcmsr/arcmsr_hba.o, 1
drivers/scsi/atp870u.o, 1
drivers/scsi/be2iscsi/be_cmds.o, 1
drivers/scsi/be2iscsi/be_iscsi.o, 1
drivers/scsi/be2iscsi/be_main.o, 3
drivers/scsi/be2iscsi/be_mgmt.o, 1
drivers/scsi/bfa/bfad_bsg.o, 1
drivers/scsi/bfa/bfad.o, 1
drivers/scsi/bnx2fc/bnx2fc_hwi.o, 1
drivers/scsi/bnx2fc/bnx2fc_io.o, 2
drivers/scsi/bnx2fc/bnx2fc_tgt.o, 1
drivers/scsi/bnx2i/bnx2i_hwi.o, 1
drivers/scsi/bnx2i/bnx2i_iscsi.o, 1
drivers/scsi/BusLogic.o, 2
drivers/scsi/csiostor/csio_lnode.o, 1
drivers/scsi/csiostor/csio_scsi.o, 2
drivers/scsi/csiostor/csio_wr.o, 1
drivers/scsi/cxgbi/libcxgbi.o, 1
drivers/scsi/dc395x.o, 1
drivers/scsi/elx/efct/efct_driver.o, 1
drivers/scsi/elx/efct/efct_hw.o, 1
drivers/scsi/elx/efct/efct_io.o, 1
drivers/scsi/elx/efct/efct_lio.o, 1
drivers/scsi/elx/libefc/efc_cmds.o, 1
drivers/scsi/elx/libefc/efc_els.o, 1
drivers/scsi/elx/libefc/efc_node.o, 1
drivers/scsi/elx/libefc_sli/sli4.o, 1
drivers/scsi/esas2r/esas2r_init.o, 1
drivers/scsi/esas2r/esas2r_ioctl.o, 1
drivers/scsi/esp_scsi.o, 1
drivers/scsi/fnic/fnic_fcs.o, 1
drivers/scsi/fnic/fnic_scsi.o, 1
drivers/scsi/fnic/vnic_dev.o, 1
drivers/scsi/hisi_sas/hisi_sas_main.o, 2
drivers/scsi/hpsa.o, 2
drivers/scsi/hptiop.o, 1
drivers/scsi/initio.o, 1
drivers/scsi/ipr.o, 3
drivers/scsi/ips.o, 2
drivers/scsi/isci/host.o, 1
drivers/scsi/isci/request.o, 2
drivers/scsi/lpfc/lpfc_bsg.o, 1
drivers/scsi/lpfc/lpfc_init.o, 2
drivers/scsi/lpfc/lpfc_mbox.o, 1
drivers/scsi/lpfc/lpfc_mem.o, 1
drivers/scsi/lpfc/lpfc_scsi.o, 2
drivers/scsi/lpfc/lpfc_sli.o, 2
drivers/scsi/megaraid/megaraid_mbox.o, 2
drivers/scsi/megaraid/megaraid_mm.o, 1
drivers/scsi/megaraid/megaraid_sas_base.o, 2
drivers/scsi/megaraid/megaraid_sas_fusion.o, 2
drivers/scsi/megaraid.o, 2
drivers/scsi/mpi3mr/mpi3mr_app.o, 1
drivers/scsi/mpi3mr/mpi3mr_fw.o, 2
drivers/scsi/mpi3mr/mpi3mr_os.o, 1
drivers/scsi/mpi3mr/mpi3mr_transport.o, 2
drivers/scsi/mpt3sas/mpt3sas_base.o, 2
drivers/scsi/mpt3sas/mpt3sas_config.o, 1
drivers/scsi/mpt3sas/mpt3sas_ctl.o, 1
drivers/scsi/mpt3sas/mpt3sas_transport.o, 2
drivers/scsi/mvsas/mv_init.o, 1
drivers/scsi/mvsas/mv_sas.o, 2
drivers/scsi/mvumi.o, 2
drivers/scsi/myrb.o, 3
drivers/scsi/myrs.o, 3
drivers/scsi/pm8001/pm8001_hwi.o, 1
drivers/scsi/pm8001/pm8001_init.o, 1
drivers/scsi/pm8001/pm8001_sas.o, 2
drivers/scsi/pm8001/pm80xx_hwi.o, 1
drivers/scsi/pmcraid.o, 3
drivers/scsi/qedf/qedf_io.o, 2
drivers/scsi/qedf/qedf_main.o, 1
drivers/scsi/qedi/qedi_fw.o, 1
drivers/scsi/qedi/qedi_iscsi.o, 1
drivers/scsi/qedi/qedi_main.o, 1
drivers/scsi/qla1280.o, 1
drivers/scsi/qla2xxx/qla_attr.o, 1
drivers/scsi/qla2xxx/qla_bsg.o, 3
drivers/scsi/qla2xxx/qla_dfs.o, 1
drivers/scsi/qla2xxx/qla_edif.o, 2
drivers/scsi/qla2xxx/qla_gs.o, 1
drivers/scsi/qla2xxx/qla_init.o, 2
drivers/scsi/qla2xxx/qla_iocb.o, 3
drivers/scsi/qla2xxx/qla_isr.o, 1
drivers/scsi/qla2xxx/qla_mbx.o, 3
drivers/scsi/qla2xxx/qla_mid.o, 2
drivers/scsi/qla2xxx/qla_mr.o, 2
drivers/scsi/qla2xxx/qla_nx2.o, 1
drivers/scsi/qla2xxx/qla_os.o, 2
drivers/scsi/qla2xxx/qla_sup.o, 1
drivers/scsi/qla2xxx/qla_target.o, 3
drivers/scsi/qla4xxx/ql4_bsg.o, 1
drivers/scsi/qla4xxx/ql4_init.o, 2
drivers/scsi/qla4xxx/ql4_mbx.o, 2
drivers/scsi/qla4xxx/ql4_nx.o, 1
drivers/scsi/qla4xxx/ql4_os.o, 3
drivers/scsi/scsi_lib_dma.o, 1
drivers/scsi/smartpqi/smartpqi_init.o, 2
drivers/scsi/smartpqi/smartpqi_sis.o, 1
drivers/scsi/snic/snic_disc.o, 1
drivers/scsi/snic/snic_io.o, 1
drivers/scsi/snic/snic_scsi.o, 1
drivers/scsi/snic/vnic_dev.o, 1
drivers/scsi/stex.o, 1
drivers/scsi/sym53c8xx_2/sym_malloc.o, 1
drivers/scsi/vmw_pvscsi.o, 2
drivers/scsi/wd719x.o, 2
drivers/slimbus/qcom-ngd-ctrl.o, 1
drivers/soc/apple/rtkit.o, 1
drivers/soc/fsl/dpio/dpio-service.o, 1
drivers/soc/mediatek/mtk-cmdq-helper.o, 1
drivers/soc/qcom/qcom-geni-se.o, 1
drivers/spi/spi-atmel.o, 1
drivers/spi/spi-bcm2835.o, 1
drivers/spi/spi-cadence-quadspi.o, 1
drivers/spi/spi-ep93xx.o, 1
drivers/spi/spi-fsl-dspi.o, 1
drivers/spi/spi-mt65xx.o, 1
drivers/spi/spi-mtk-nor.o, 2
drivers/spi/spi-mtk-snfi.o, 1
drivers/spi/spi.o, 1
drivers/spi/spi-pic32-sqi.o, 1
drivers/spi/spi-qcom-qspi.o, 1
drivers/spi/spi-rockchip-sfc.o, 1
drivers/spi/spi-sh-msiof.o, 1
drivers/spi/spi-slave-mt27xx.o, 1
drivers/spi/spi-sunplus-sp7021.o, 1
drivers/spi/spi-tegra114.o, 1
drivers/spi/spi-tegra20-slink.o, 1
drivers/spi/spi-tegra210-quad.o, 2
drivers/spi/spi-ti-qspi.o, 1
drivers/spi/spi-topcliff-pch.o, 1
drivers/spi/spi-zynqmp-gqspi.o, 1
drivers/staging/emxx_udc/emxx_udc.o, 2
drivers/staging/media/av7110/av7110.o, 1
drivers/staging/media/imx/imx-media-utils.o, 1
drivers/staging/media/meson/vdec/codec_h264.o, 1
drivers/staging/media/meson/vdec/codec_hevc_common.o, 1
drivers/staging/media/meson/vdec/codec_mpeg12.o, 1
drivers/staging/media/meson/vdec/codec_vp9.o, 1
drivers/staging/media/meson/vdec/esparser.o, 1
drivers/staging/media/meson/vdec/vdec_1.o, 1
drivers/staging/media/meson/vdec/vdec_hevc.o, 1
drivers/staging/media/meson/vdec/vdec.o, 1
drivers/staging/media/rkvdec/rkvdec-h264.o, 1
drivers/staging/media/rkvdec/rkvdec-vp9.o, 1
drivers/staging/media/sunxi/cedrus/cedrus_h264.o, 1
drivers/staging/media/sunxi/cedrus/cedrus_h265.o, 1
drivers/staging/media/sunxi/cedrus/cedrus_vp8.o, 1
drivers/staging/media/sunxi/sun6i-isp/sun6i_isp.o, 1
drivers/staging/most/dim2/dim2.o, 1
drivers/staging/qlge/qlge_main.o, 2
drivers/staging/qlge/qlge_mpi.o, 1
drivers/staging/rts5208/rtsx.o, 1
drivers/staging/rts5208/rtsx_transport.o, 2
drivers/staging/vc04_services/interface/vchiq_arm/vchiq_arm.o, 3
drivers/staging/vme_user/vme_tsi148.o, 2
drivers/target/iscsi/cxgbit/cxgbit_ddp.o, 1
drivers/thunderbolt/ctl.o, 1
drivers/thunderbolt/dma_test.o, 1
drivers/thunderbolt/nhi.o, 1
drivers/tty/goldfish.o, 1
drivers/tty/serial/8250/8250_bcm7271.o, 1
drivers/tty/serial/8250/8250_dma.o, 2
drivers/tty/serial/atmel_serial.o, 2
drivers/tty/serial/fsl_lpuart.o, 1
drivers/tty/serial/icom.o, 1
drivers/tty/serial/imx.o, 1
drivers/tty/serial/msm_serial.o, 1
drivers/tty/serial/mxs-auart.o, 1
drivers/tty/serial/pch_uart.o, 2
drivers/tty/serial/samsung_tty.o, 1
drivers/tty/serial/serial-tegra.o, 2
drivers/tty/serial/sh-sci.o, 2
drivers/tty/serial/sprd_serial.o, 2
drivers/tty/serial/stm32-usart.o, 1
drivers/tty/serial/ucc_uart.o, 1
drivers/tty/synclink_gt.o, 1
drivers/ufs/core/ufs_bsg.o, 1
drivers/ufs/core/ufshcd.o, 1
drivers/ufs/core/ufs-mcq.o, 1
drivers/uio/uio_dmem_genirq.o, 1
drivers/uio/uio_pruss.o, 1
drivers/usb/cdns3/cdns3-gadget.o, 3
drivers/usb/cdns3/cdnsp-mem.o, 2
drivers/usb/cdns3/cdnsp-ring.o, 1
drivers/usb/chipidea/udc.o, 1
drivers/usb/core/buffer.o, 2
drivers/usb/core/hcd.o, 3
drivers/usb/dwc2/gadget.o, 1
drivers/usb/dwc2/hcd_ddma.o, 1
drivers/usb/dwc2/hcd.o, 2
drivers/usb/dwc3/core.o, 1
drivers/usb/dwc3/gadget.o, 1
drivers/usb/fotg210/fotg210-hcd.o, 2
drivers/usb/fotg210/fotg210-udc.o, 1
drivers/usb/gadget/udc/aspeed_udc.o, 1
drivers/usb/gadget/udc/aspeed-vhub/core.o, 1
drivers/usb/gadget/udc/aspeed-vhub/epn.o, 1
drivers/usb/gadget/udc/bdc/bdc_core.o, 1
drivers/usb/gadget/udc/bdc/bdc_ep.o, 1
drivers/usb/gadget/udc/cdns2/cdns2-gadget.o, 2
drivers/usb/gadget/udc/core.o, 2
drivers/usb/gadget/udc/gr_udc.o, 2
drivers/usb/gadget/udc/lpc32xx_udc.o, 2
drivers/usb/gadget/udc/mv_u3d_core.o, 3
drivers/usb/gadget/udc/mv_udc_core.o, 3
drivers/usb/gadget/udc/net2280.o, 1
drivers/usb/gadget/udc/pch_udc.o, 2
drivers/usb/gadget/udc/renesas_usb3.o, 1
drivers/usb/gadget/udc/snps_udc_core.o, 1
drivers/usb/host/ehci-hcd.o, 2
drivers/usb/host/ohci-hcd.o, 2
drivers/usb/host/uhci-hcd.o, 2
drivers/usb/host/xhci-dbgcap.o, 2
drivers/usb/host/xhci-mem.o, 2
drivers/usb/host/xhci.o, 1
drivers/usb/host/xhci-ring.o, 1
drivers/usb/mtu3/mtu3_qmu.o, 1
drivers/vdpa/mlx5/core/mr.o, 1
drivers/vdpa/pds/vdpa_dev.o, 1
drivers/vfio/pci/mlx5/cmd.o, 2
drivers/video/fbdev/atmel_lcdfb.o, 1
drivers/video/fbdev/da8xx-fb.o, 1
drivers/video/fbdev/gbefb.o, 1
drivers/video/fbdev/goldfishfb.o, 1
drivers/video/fbdev/hyperv_fb.o, 1
drivers/video/fbdev/imxfb.o, 1
drivers/video/fbdev/mmp/fb/mmpfb.o, 1
drivers/video/fbdev/ocfb.o, 1
drivers/video/fbdev/omap2/omapfb/omapfb-main.o, 1
drivers/video/fbdev/pxa168fb.o, 1
drivers/video/fbdev/s3c-fb.o, 1
drivers/video/fbdev/sh_mobile_lcdcfb.o, 2
drivers/video/fbdev/via/via-core.o, 1
drivers/video/fbdev/wm8505fb.o, 1
drivers/virtio/virtio_ring.o, 2
drivers/xen/gntdev-dmabuf.o, 1
drivers/xen/grant-table.o, 1
fs/smb/client/smbdirect.o, 2
fs/smb/server/transport_rdma.o, 2
kernel/dma/direct.o, 2
kernel/dma/map_benchmark.o, 1
kernel/dma/ops_helpers.o, 1
kernel/dma/pool.o, 1
mm/dmapool_test.o, 1
net/9p/trans_rdma.o, 1
net/core/page_pool.o, 1
net/rds/ib_cm.o, 1
net/rds/ib_frmr.o, 1
net/rds/ib_recv.o, 1
net/rds/ib_send.o, 1
net/smc/smc_ib.o, 1
net/smc/smc_wr.o, 1
net/sunrpc/xprtrdma/frwr_ops.o, 1
net/sunrpc/xprtrdma/rpc_rdma.o, 1
net/sunrpc/xprtrdma/svc_rdma_recvfrom.o, 1
net/sunrpc/xprtrdma/svc_rdma_sendto.o, 1
net/sunrpc/xprtrdma/verbs.o, 1
net/xdp/xsk_buff_pool.o, 1
samples/vfio-mdev/mbochs.o, 1
sound/core/memalloc.o, 3
sound/pci/asihpi/hpios.o, 1
sound/soc/intel/catpt/device.o, 1
sound/soc/intel/catpt/loader.o, 1
sound/soc/loongson/loongson_dma.o, 1
sound/soc/sof/amd/acp-loader.o, 1
sound/soc/sprd/sprd-pcm-dma.o, 1
sound/soc/uniphier/aio-compress.o, 1
